,accuracy,accuracy,precision,precision,recall,recall,f1,f1,roc_auc,roc_auc,n_features,n_features,training_time,training_time
,mean,std,mean,std,mean,std,mean,std,mean,std,mean,std,mean,std
method,,,,,,,,,,,,,,
baseline,0.8755,0.0092,0.8784,0.0103,0.948,0.0098,0.9118,0.0064,0.9163,0.0104,36.0,0.0,0.052,0.007
chi2,0.8482,0.0107,0.8605,0.0109,0.9268,0.0117,0.8924,0.0075,0.8924,0.0124,10.0,0.0,0.0037,0.0002
l1,0.875,0.0098,0.8785,0.0108,0.9472,0.01,0.9115,0.0067,0.9162,0.0105,27.0,1.7026,0.0074,0.0006
mutual_info,0.8581,0.0117,0.8653,0.0128,0.9372,0.017,0.8997,0.0085,0.8971,0.0124,10.0,0.0,0.0062,0.0004
rf_median,0.8706,0.01,0.8696,0.0106,0.9523,0.0097,0.9091,0.0068,0.9072,0.012,18.0,0.0,0.0058,0.0002
rf_topk,0.8589,0.0117,0.8579,0.0111,0.9498,0.0161,0.9014,0.0084,0.8944,0.0127,10.0,0.0,0.0042,0.0001
rfe,0.8671,0.0099,0.8751,0.0105,0.9383,0.0109,0.9056,0.0069,0.9103,0.0114,10.0,0.0,0.0038,0.0002
rfecv,0.8749,0.0099,0.8791,0.0107,0.9461,0.01,0.9113,0.0069,0.9156,0.0106,29.9889,3.5616,0.0087,0.0011
variance_threshold,0.8755,0.0092,0.8784,0.0103,0.948,0.0098,0.9118,0.0064,0.9163,0.0104,35.9778,0.1482,0.0517,0.0069
