,Marital Status,Application mode,Application order,Course,Daytime/evening attendance,Previous qualification,Previous qualification (grade),Nacionality,Mother's qualification,Father's qualification,Mother's occupation,Father's occupation,Admission grade,Displaced,Educational special needs,Debtor,Tuition fees up to date,Gender,Scholarship holder,Age at enrollment,International,Curricular units 1st sem (credited),Curricular units 1st sem (enrolled),Curricular units 1st sem (evaluations),Curricular units 1st sem (approved),Curricular units 1st sem (grade),Curricular units 1st sem (without evaluations),Curricular units 2nd sem (credited),Curricular units 2nd sem (enrolled),Curricular units 2nd sem (evaluations),Curricular units 2nd sem (approved),Curricular units 2nd sem (grade),Curricular units 2nd sem (without evaluations),Unemployment rate,Inflation rate,GDP,Target
Marital Status,1.0,0.26400581501700193,-0.1258544523109675,0.04636518476583675,-0.27493915488635073,0.06252890030172063,-0.022406416612804844,-0.008843025427036237,0.19316342856136487,0.13035320857758342,0.034994110159637166,0.03160903625425888,-0.004770931654948188,-0.2348855380245832,-0.028343328824570718,0.03430358168090551,-0.08715840024477989,-0.014738028007719927,-0.05376535787021897,0.5227171684130265,-0.027904934785971156,0.061209353108005383,0.0521073189043393,0.05803029434242168,-0.03102652954278236,-0.05981064330169997,0.034710608176647235,0.06283101531850403,0.03902605261691444,0.022784375137733123,-0.04373857172210006,-0.0715055834251424,0.020425588936262676,-0.020337568196093926,0.00876134522735466,-0.027003405407652507,0.037197828081662235
Application mode,0.26400581501700193,1.0,-0.2863572642768653,0.0653848240907441,-0.30409195891301427,0.42241089212088045,-0.03901987592127344,-0.0006613541688274217,0.11897440888691022,0.08327555796886787,0.05159971767411826,0.03670672157294655,-0.013270570317131336,-0.30119716640940325,-0.030779420041508777,0.12281788722577065,-0.13626213248098534,0.1601297601691267,-0.16311656499851748,0.5162427253595343,0.003437719580345378,0.24742606131538095,0.16429855857686812,0.22593765669932497,-0.029054601018558727,-0.11774138967860936,0.045827725232503586,0.2384454568367775,0.13004609437319067,0.16787206649230688,-0.07152591533786491,-0.11542406975005268,0.047982891585201484,0.08908007982496839,-0.016374634645172404,-0.022742716589706592,0.15262271935544508
Application order,-0.1258544523109675,-0.2863572642768653,1.0,0.059506738151476335,0.15865715596646826,-0.18431547891383948,-0.06448352658636768,-0.022416283224134283,-0.06495552373343647,-0.05028769940263632,-0.03903931941417863,-0.030013944843782406,-0.09693047580319451,0.33236175481048597,0.025597106042180292,-0.07215103123563543,0.055890721706538526,-0.08955904327353446,0.07370924923057666,-0.27115444124886157,-0.028801490428350864,-0.1333537242198571,-0.016807713169654046,-0.0921556098321394,0.03558037532090582,0.058308438803627904,-0.03169885286107032,-0.12581538359243863,0.028878257685911356,-0.05508861133085126,0.07179313285936866,0.055516661063833066,-0.01575736087802453,-0.09841916664377497,-0.011133212005957547,0.03020082398158385,-0.08002034349663559
Course,0.04636518476583675,0.0653848240907441,0.059506738151476335,1.0,-0.04315114076403107,0.006653629872082937,-0.08101299386042125,-0.0339227545645087,0.054542635918904535,0.05072447495149713,0.031264904201839784,0.028880678155013197,-0.1250575653908885,-0.08739922173036156,-0.018794625065631006,-0.03267267215978935,0.018381190529381076,-0.09957078610326973,0.017137810962348593,0.04299369229209489,-0.026736746453156043,-0.0963347240666606,0.3284607509847845,0.2728448393190915,0.18049980942050925,0.3893493974937124,0.034513729055921476,-0.08981670765419744,0.401539482774238,0.27879703893556074,0.1980315958934514,0.3487284947219522,0.03081648803259032,0.007153477096402804,0.017710128979741214,-0.02026461314998939,-0.01792230443913385
Daytime/evening attendance,-0.27493915488635073,-0.30409195891301427,0.15865715596646826,-0.04315114076403107,1.0,-0.07187059922721714,0.052597228406834,0.01852993750598242,-0.20476689841353493,-0.13989449546126034,-0.019067019536736854,-0.015477032618295682,0.00797027162441224,0.2517674392299713,0.03101653037315175,0.00665831256671127,0.03879915467330761,-0.01232575511661649,0.09391203221918333,-0.4622802478853897,0.027973048907386344,-0.127465601123643,-0.043056232148995836,-0.0458892285580226,0.016934978565683028,0.06397387192522574,0.04562976515000706,-0.11195279895468567,0.0003713660797386374,0.014609920230203877,0.03402170026593676,0.05049325259338547,-0.004228658196806574,0.06197432356687532,-0.024043307753966365,0.02292919944105356,-0.027192738110810792
Previous qualification,0.06252890030172063,0.42241089212088045,-0.18431547891383948,0.006653629872082937,-0.07187059922721714,1.0,0.10407221374491689,-0.029213605316716032,-0.013190489756120832,-0.0066140905725470545,0.014821690807370187,0.016262796971310636,0.18418295947970298,-0.11518793049667522,-0.01046077835273852,0.09510393034911022,-0.06845312023524773,0.07868440288549344,-0.07051285849572712,0.15623420407748367,-0.026225787255179083,0.16602453164939823,0.07870160318172709,0.1305969339963273,0.022020289521534942,-0.0004966660692520838,0.002887477755139044,0.1430310918061021,0.056178669477968735,0.11484995797509416,-0.008631778569250367,0.0009418815374891741,0.005102269961142928,0.11195809085741577,-0.06373591485749655,0.06406935055153128,0.03999914997536533
Previous qualification (grade),-0.022406416612804844,-0.03901987592127344,-0.06448352658636768,-0.08101299386042125,0.052597228406834,0.10407221374491689,1.0,0.05408839001479954,-0.0606701010501484,-0.03523421963209244,-0.011414836054405979,-0.019283907590802354,0.5804441978785277,-0.011001447536083064,-0.0014578822923876531,-0.03750676444066237,0.06057800233977736,-0.047873559114221864,0.055965478060626433,-0.1113769470849936,0.048528778986430494,-0.008872041536064584,-0.029169335152124564,-0.07070239069617816,0.04841006704467332,0.05943750529132413,-0.003925717960458874,-0.018488648622672316,-0.03164916023346011,-0.06135531294287915,0.0502625542769354,0.05323897414883,-0.019014554233043764,0.04522226843669443,0.018710376010044896,-0.05262040370010443,-0.09846186798465097
Nacionality,-0.008843025427036237,-0.0006613541688274217,-0.022416283224134283,-0.0339227545645087,0.01852993750598242,-0.029213605316716032,0.05408839001479954,1.0,-0.0499459830764159,-0.08528222652932581,0.043187333364323406,0.020626177279323966,0.028175845939327076,-0.007447588858302417,-0.0059824153882325724,0.051988956042750854,-0.026114694157766724,-0.023257928636227176,-0.01048996333125878,-0.003646744050763111,0.7909349101784291,-0.0003697832862481683,-0.013291980892935824,-0.007763392537482594,-0.0022677320137882845,0.0008694881395957888,0.009145023444750997,-0.007278102618135318,-0.020113123484132044,-0.025720552859090806,-0.017879715999567114,-0.0084971029250808,-0.01404060964821954,-0.0006505096011617523,-0.008921728230256122,0.034478006009970405,0.019229150839261435
Mother's qualification,0.19316342856136487,0.11897440888691022,-0.06495552373343647,0.054542635918904535,-0.20476689841353493,-0.013190489756120832,-0.0606701010501484,-0.0499459830764159,1.0,0.5351396811158693,0.07677172544916404,0.052328606584448774,-0.05441231580775928,-0.08117550503493146,-0.021534004759384297,0.018774200269756548,-0.02566533545739044,-0.058752983988754746,0.04595143773741265,0.29461425810566094,-0.03850377784958872,0.046855186506309744,0.053664026110002754,0.04544038593009342,-0.011026425838652676,-0.03615680174456352,0.0031833638993956858,0.04277079304545037,0.035149660262975946,0.021033063206643745,-0.014858437284679189,-0.031174840919716246,0.02130546978298969,-0.11435116877222168,0.05944069256210401,-0.08365650750504817,-0.01883124672983015
Father's qualification,0.13035320857758342,0.08327555796886787,-0.05028769940263632,0.05072447495149713,-0.13989449546126034,-0.0066140905725470545,-0.03523421963209244,-0.08528222652932581,0.5351396811158693,1.0,0.054911343789798124,0.06304345600262028,-0.05197160233444524,-0.05598417007690624,0.0006844517524872847,-0.006845399025565332,-0.018934894549144595,-0.07412851994691495,0.10749447669299558,0.19350458811763083,-0.08689138909985177,0.040053870868637674,0.037367947919496575,0.037325726941032165,0.006121263130864335,-0.007732293065774852,-0.017333249881232613,0.04266647201475969,0.024380488891754454,0.009513771466876226,0.005284676249671046,-0.008083036191488622,-0.007430358497424677,-0.07790513515154744,0.05763309393473611,-0.0716101473842474,-0.03049417051273525
Mother's occupation,0.034994110159637166,0.05159971767411826,-0.03903931941417863,0.031264904201839784,-0.019067019536736854,0.014821690807370187,-0.011414836054405979,0.043187333364323406,0.07677172544916404,0.054911343789798124,1.0,0.910472107644332,-0.040186155682134565,-0.051724783463912315,-0.001443374396511597,0.1025873192487565,-0.005797551081974766,0.0029183065789124287,-0.021151015764279617,0.06061089940073416,0.04392575462423959,0.008352642219191742,0.0035603705951673306,0.015384866748799271,-0.02156726205477729,-0.018014887477139658,0.014218313282067676,0.0007526799685284995,-0.006511650001032579,0.0006328703624197746,-0.03186090186807733,-0.02072447425511462,0.013090880842450544,-0.09205731154320008,0.024003365472274118,0.12426817474836449,0.05375511800037343
Father's occupation,0.03160903625425888,0.03670672157294655,-0.030013944843782406,0.028880678155013197,-0.015477032618295682,0.016262796971310636,-0.019283907590802354,0.020626177279323966,0.052328606584448774,0.06304345600262028,0.910472107644332,1.0,-0.03773317410202711,-0.04871876044570776,0.009837330534135904,0.09648396056196491,0.004611343505011442,-0.006264693733689587,-0.01780027361177983,0.03464417547931882,0.021346214592158186,-0.003012324939907809,-0.0045815534995278795,0.006084450702360212,-0.019138493413070903,-0.010537892874113079,4.293996238130639e-05,-0.011024962164252257,-0.014097758759770911,-0.004087272771263365,-0.03041076038167236,-0.01642374846278185,-0.007663890781713596,-0.10121453453835438,0.030549729958881038,0.1317667488355332,0.049201631511555065
Admission grade,-0.004770931654948188,-0.013270570317131336,-0.09693047580319451,-0.1250575653908885,0.00797027162441224,0.18418295947970298,0.5804441978785277,0.028175845939327076,-0.05441231580775928,-0.05197160233444524,-0.040186155682134565,-0.03773317410202711,1.0,-0.0005432047991474283,-0.018306057434328196,-0.01442252614338429,0.05413221898436426,0.008314795343902802,0.01888139926386669,-0.029915356674008173,0.02527369802122391,0.04082898289577298,-0.033250916792122845,-0.07205871868718786,0.07089224146352854,0.07386842181899013,0.009032613174677632,0.04022486879633587,-0.04187802229635767,-0.05713176691109007,0.07665935848713491,0.07440152995564096,-0.013254364635768625,0.03875568694873725,-0.021623575582657394,-0.019519481896555755,-0.10605821722681393
Displaced,-0.2348855380245832,-0.30119716640940325,0.33236175481048597,-0.08739922173036156,0.2517674392299713,-0.11518793049667522,-0.011001447536083064,-0.007447588858302417,-0.08117550503493146,-0.05598417007690624,-0.051724783463912315,-0.04871876044570776,-0.0005432047991474283,1.0,0.004395398272324822,-0.08990133142771382,0.09602714056035445,-0.1258146412867146,0.07288739407659225,-0.3620315787502749,-0.009687269154616731,-0.09726770583529906,-0.06381217989955106,-0.07766456548074252,0.04768168269266845,0.06481518632302437,-0.021670822989624236,-0.09173776373661373,-0.04182331730366124,-0.03883872687538031,0.06369769533893962,0.06908730724184553,-0.035958718895796264,-0.13032679324361512,-0.012384975352716807,0.06287471933763164,-0.0688266012601806
Educational special needs,-0.028343328824570718,-0.030779420041508777,0.025597106042180292,-0.018794625065631006,0.03101653037315175,-0.01046077835273852,-0.0014578822923876531,-0.0059824153882325724,-0.021534004759384297,0.0006844517524872847,-0.001443374396511597,0.009837330534135904,-0.018306057434328196,0.004395398272324822,1.0,0.0013434467703953576,0.013629958506507835,-0.01746139569782719,0.02122283216937522,-0.03698679616758456,-0.0036456372186048458,-0.024411261442692005,-0.03483705535902168,-0.025971569679634317,-0.019873144393114744,-0.012283847893690003,-0.012324210665041767,-0.021671138116126303,-0.028776640391840736,-0.010850561156331363,-0.016315339743438954,-0.012760764871675614,-0.007490587766725654,0.04613109651092126,0.004396470733173408,0.012016080371812747,0.012026023671957216
Debtor,0.03430358168090551,0.12281788722577065,-0.07215103123563543,-0.03267267215978935,0.00665831256671127,0.09510393034911022,-0.03750676444066237,0.051988956042750854,0.018774200269756548,-0.006845399025565332,0.1025873192487565,0.09648396056196491,-0.01442252614338429,-0.08990133142771382,0.0013434467703953576,1.0,-0.4084540493212959,0.053811589101719424,-0.06748940007494857,0.09879309051033408,0.0754226369400348,0.03405316456114463,-0.010651651604343218,0.036053952304329236,-0.10665659609397621,-0.10417004023301173,0.0018120113776649584,0.025413737815048777,-0.029435821623636345,0.02420096754835108,-0.14697727522564363,-0.1394238420602217,0.04855243930802089,0.02112805867487431,-0.021888172449337835,0.07504989585797914,0.14056298506551254
Tuition fees up to date,-0.08715840024477989,-0.13626213248098534,0.055890721706538526,0.018381190529381076,0.03879915467330761,-0.06845312023524773,0.06057800233977736,-0.026114694157766724,-0.02566533545739044,-0.018934894549144595,-0.005797551081974766,0.004611343505011442,0.05413221898436426,0.09602714056035445,0.013629958506507835,-0.4084540493212959,1.0,-0.1040976400182303,0.13742093635366334,-0.17809858473540688,-0.044201828271580756,0.003803402554535813,0.05872143032223436,0.027514183784233325,0.2393471238967562,0.25039361185907016,-0.04977505801178507,0.01420365572372761,0.08591757145594626,0.06348196970069243,0.2919206345230657,0.29647953666611393,-0.07181701246031572,0.013460392079303515,-0.0007063886206365048,-0.002767939550669364,-0.16701584162275815
Gender,-0.014738028007719927,0.1601297601691267,-0.08955904327353446,-0.09957078610326973,-0.01232575511661649,0.07868440288549344,-0.047873559114221864,-0.023257928636227176,-0.058752983988754746,-0.07412851994691495,0.0029183065789124287,-0.006264693733689587,0.008314795343902802,-0.1258146412867146,-0.01746139569782719,0.053811589101719424,-0.1040976400182303,1.0,-0.16930169013671786,0.14883515349829454,-0.02641512050155332,0.01709875981094196,-0.0952528309864995,-0.02133409600967029,-0.18382898834074538,-0.18944826656097774,-0.006301740434462,0.01873735932471542,-0.12422704219275345,-0.04178901093922839,-0.22426614439915826,-0.1991333187221823,0.057222668835985396,0.022195416351860366,0.0035564171725249788,-0.008107639766675464,0.1600298462197146
Scholarship holder,-0.05376535787021897,-0.16311656499851748,0.07370924923057666,0.017137810962348593,0.09391203221918333,-0.07051285849572712,0.055965478060626433,-0.01048996333125878,0.04595143773741265,0.10749447669299558,-0.021151015764279617,-0.01780027361177983,0.01888139926386669,0.07288739407659225,0.02122283216937522,-0.06748940007494857,0.13742093635366334,-0.16930169013671786,1.0,-0.18991694305420692,-0.027971631602193587,-0.08871828861500689,-0.004926860194675611,-0.0634285553211845,0.1537721617567756,0.1683237478382696,-0.05776952010078286,-0.07648017707076692,0.026415902642224976,-0.021409589927563293,0.20270421570556482,0.18122723549830996,-0.048723293065955575,0.05515206059872592,-0.03110390938747098,0.03565041879610048,-0.24354715412226802
Age at enrollment,0.5227171684130265,0.5162427253595343,-0.27115444124886157,0.04299369229209489,-0.4622802478853897,0.15623420407748367,-0.1113769470849936,-0.003646744050763111,0.29461425810566094,0.19350458811763083,0.06061089940073416,0.03464417547931882,-0.029915356674008173,-0.3620315787502749,-0.03698679616758456,0.09879309051033408,-0.17809858473540688,0.14883515349829454,-0.18991694305420692,1.0,-0.007111164348114762,0.2268367994811601,0.14132678029438198,0.1399113931349705,-0.05340477494309697,-0.15661584876982762,0.0574697807286907,0.20756067571964965,0.0859139685099593,0.05628632810996371,-0.11205177787810333,-0.17341895553989403,0.06165385935019031,0.025017758300938196,0.025377036472410838,-0.06467811172086703,0.10049840591797504
International,-0.027904934785971156,0.003437719580345378,-0.028801490428350864,-0.026736746453156043,0.027973048907386344,-0.026225787255179083,0.048528778986430494,0.7909349101784291,-0.03850377784958872,-0.08689138909985177,0.04392575462423959,0.021346214592158186,0.02527369802122391,-0.009687269154616731,-0.0036456372186048458,0.0754226369400348,-0.044201828271580756,-0.02641512050155332,-0.027971631602193587,-0.007111164348114762,1.0,0.008549748265635149,0.0013096707439294389,0.012542665260381338,0.005289753833544022,0.006313883752740187,0.031221837162680104,0.002572947315210534,-0.013576877323675818,-0.004398915771505586,-0.010564930398537052,0.0014604004467740099,-0.010660417429581154,-0.010014693411469341,-0.009642165409182276,0.04438948568896589,0.00990956163377079
Curricular units 1st sem (credited),0.061209353108005383,0.24742606131538095,-0.1333537242198571,-0.0963347240666606,-0.127465601123643,0.16602453164939823,-0.008872041536064584,-0.0003697832862481683,0.046855186506309744,0.040053870868637674,0.008352642219191742,-0.003012324939907809,0.04082898289577298,-0.09726770583529906,-0.024411261442692005,0.03405316456114463,0.003803402554535813,0.01709875981094196,-0.08871828861500689,0.2268367994811601,0.008549748265635149,1.0,0.7743441891168912,0.5429194409628278,0.6283944209937344,0.12297756544716609,0.11626205372108568,0.9448110366582714,0.6448259027030506,0.4278450802088306,0.4904778893550171,0.1329705628506573,0.05525634120017355,0.009778397068702363,0.023348295336197467,-0.02651317994844877,-0.05857173431913954
Curricular units 1st sem (enrolled),0.0521073189043393,0.16429855857686812,-0.016807713169654046,0.3284607509847845,-0.043056232148995836,0.07870160318172709,-0.029169335152124564,-0.013291980892935824,0.053664026110002754,0.037367947919496575,0.0035603705951673306,-0.0045815534995278795,-0.033250916792122845,-0.06381217989955106,-0.03483705535902168,-0.010651651604343218,0.05872143032223436,-0.0952528309864995,-0.004926860194675611,0.14132678029438198,0.0013096707439294389,0.7743441891168912,1.0,0.6802196375654452,0.7690834766824151,0.37699587978576826,0.1293368788623711,0.7537467053534809,0.942626693015919,0.5995667041335416,0.6733405210551698,0.3619589142219163,0.06954735323090139,0.03840366940905624,0.03675802639560094,-0.026262072764580636,-0.13495064084371938
Curricular units 1st sem (evaluations),0.05803029434242168,0.22593765669932497,-0.0921556098321394,0.2728448393190915,-0.0458892285580226,0.1305969339963273,-0.07070239069617816,-0.007763392537482594,0.04544038593009342,0.037325726941032165,0.015384866748799271,0.006084450702360212,-0.07205871868718786,-0.07766456548074252,-0.025971569679634317,0.036053952304329236,0.027514183784233325,-0.02133409600967029,-0.0634285553211845,0.1399113931349705,0.012542665260381338,0.5429194409628278,0.6802196375654452,1.0,0.5223961492004171,0.41803818158506184,0.24180046898851137,0.5221865341498276,0.6118417395322455,0.7788631362482397,0.442265251614672,0.3550358900228542,0.13429591306128089,0.06154453761386936,-0.006603820239527601,-0.09976129193677878,0.062492760155115436
Curricular units 1st sem (approved),-0.03102652954278236,-0.029054601018558727,0.03558037532090582,0.18049980942050925,0.016934978565683028,0.022020289521534942,0.04841006704467332,-0.0022677320137882845,-0.011026425838652676,0.006121263130864335,-0.02156726205477729,-0.019138493413070903,0.07089224146352854,0.04768168269266845,-0.019873144393114744,-0.10665659609397621,0.2393471238967562,-0.18382898834074538,0.1537721617567756,-0.05340477494309697,0.005289753833544022,0.6283944209937344,0.7690834766824151,0.5223961492004171,1.0,0.6961132697952199,-0.013359722071233836,0.6076611904328141,0.7337718828670938,0.5399343455592992,0.9040021013038962,0.6855601896714048,-0.053982995846332524,0.05128646323966934,-0.007113815482842941,0.01845867087393067,-0.3539263140160644
Curricular units 1st sem (grade),-0.05981064330169997,-0.11774138967860936,0.058308438803627904,0.3893493974937124,0.06397387192522574,-0.0004966660692520838,0.05943750529132413,0.0008694881395957888,-0.03615680174456352,-0.007732293065774852,-0.018014887477139658,-0.010537892874113079,0.07386842181899013,0.06481518632302437,-0.012283847893690003,-0.10417004023301173,0.25039361185907016,-0.18944826656097774,0.1683237478382696,-0.15661584876982762,0.006313883752740187,0.12297756544716609,0.37699587978576826,0.41803818158506184,0.6961132697952199,1.0,-0.07166049584236357,0.11393731377810562,0.406166667068421,0.4872356143470066,0.6733349328338567,0.8371697405964216,-0.06607617624759954,0.014820945247553532,-0.033903567365070136,0.05480076361937073,-0.2483144696485228
Curricular units 1st sem (without evaluations),0.034710608176647235,0.045827725232503586,-0.03169885286107032,0.034513729055921476,0.04562976515000706,0.002887477755139044,-0.003925717960458874,0.009145023444750997,0.0031833638993956858,-0.017333249881232613,0.014218313282067676,4.293996238130639e-05,0.009032613174677632,-0.021670822989624236,-0.012324210665041767,0.0018120113776649584,-0.04977505801178507,-0.006301740434462,-0.05776952010078286,0.0574697807286907,0.031221837162680104,0.11626205372108568,0.1293368788623711,0.24180046898851137,-0.013359722071233836,-0.07166049584236357,1.0,0.11735929392542929,0.10992421076576149,0.1446829672633887,-0.013069885058411543,-0.06148225817809443,0.583261072853245,-0.04514428362256673,-0.052534250737915865,-0.14467320144350834,0.0606727716983914
Curricular units 2nd sem (credited),0.06283101531850403,0.2384454568367775,-0.12581538359243863,-0.08981670765419744,-0.11195279895468567,0.1430310918061021,-0.018488648622672316,-0.007278102618135318,0.04277079304545037,0.04266647201475969,0.0007526799685284995,-0.011024962164252257,0.04022486879633587,-0.09173776373661373,-0.021671138116126303,0.025413737815048777,0.01420365572372761,0.01873735932471542,-0.07648017707076692,0.20756067571964965,0.002572947315210534,0.9448110366582714,0.7537467053534809,0.5221865341498276,0.6076611904328141,0.11393731377810562,0.11735929392542929,1.0,0.6762578285189875,0.43097775950602574,0.5190810533124681,0.12976991942601945,0.07014834324370786,0.01058028122429281,0.014489914727051098,-0.02449111204240259,-0.06538594620341427
Curricular units 2nd sem (enrolled),0.03902605261691444,0.13004609437319067,0.028878257685911356,0.401539482774238,0.0003713660797386374,0.056178669477968735,-0.03164916023346011,-0.020113123484132044,0.035149660262975946,0.024380488891754454,-0.006511650001032579,-0.014097758759770911,-0.04187802229635767,-0.04182331730366124,-0.028776640391840736,-0.029435821623636345,0.08591757145594626,-0.12422704219275345,0.026415902642224976,0.0859139685099593,-0.013576877323675818,0.6448259027030506,0.942626693015919,0.6118417395322455,0.7337718828670938,0.406166667068421,0.10992421076576149,0.6762578285189875,1.0,0.6048210804385719,0.7032580730157241,0.3951348923833787,0.06769747594876502,0.06443648009568793,0.016844152760087643,-0.007592443428285158,-0.15029896448840704
Curricular units 2nd sem (evaluations),0.022784375137733123,0.16787206649230688,-0.05508861133085126,0.27879703893556074,0.014609920230203877,0.11484995797509416,-0.06135531294287915,-0.025720552859090806,0.021033063206643745,0.009513771466876226,0.0006328703624197746,-0.004087272771263365,-0.05713176691109007,-0.03883872687538031,-0.010850561156331363,0.02420096754835108,0.06348196970069243,-0.04178901093922839,-0.021409589927563293,0.05628632810996371,-0.004398915771505586,0.4278450802088306,0.5995667041335416,0.7788631362482397,0.5399343455592992,0.4872356143470066,0.1446829672633887,0.43097775950602574,0.6048210804385719,1.0,0.4635354771881345,0.4533940329352716,0.1448773968359452,0.045807889829965365,-0.012642500035323492,-0.004853562042810185,0.06904774710126292
Curricular units 2nd sem (approved),-0.04373857172210006,-0.07152591533786491,0.07179313285936866,0.1980315958934514,0.03402170026593676,-0.008631778569250367,0.0502625542769354,-0.017879715999567114,-0.014858437284679189,0.005284676249671046,-0.03186090186807733,-0.03041076038167236,0.07665935848713491,0.06369769533893962,-0.016315339743438954,-0.14697727522564363,0.2919206345230657,-0.22426614439915826,0.20270421570556482,-0.11205177787810333,-0.010564930398537052,0.4904778893550171,0.6733405210551698,0.442265251614672,0.9040021013038962,0.6733349328338567,-0.013069885058411543,0.5190810533124681,0.7032580730157241,0.4635354771881345,1.0,0.7608041759643296,-0.06156671384674665,0.04880504130929674,-0.024566251903387716,0.022427451430642557,-0.40949359485181774
Curricular units 2nd sem (grade),-0.0715055834251424,-0.11542406975005268,0.055516661063833066,0.3487284947219522,0.05049325259338547,0.0009418815374891741,0.05323897414883,-0.0084971029250808,-0.031174840919716246,-0.008083036191488622,-0.02072447425511462,-0.01642374846278185,0.07440152995564096,0.06908730724184553,-0.012760764871675614,-0.1394238420602217,0.29647953666611393,-0.1991333187221823,0.18122723549830996,-0.17341895553989403,0.0014604004467740099,0.1329705628506573,0.3619589142219163,0.3550358900228542,0.6855601896714048,0.8371697405964216,-0.06148225817809443,0.12976991942601945,0.3951348923833787,0.4533940329352716,0.7608041759643296,1.0,-0.07921597498458803,0.0014618581950683344,-0.0381660424851903,0.07126949612959722,-0.27114364821542947
Curricular units 2nd sem (without evaluations),0.020425588936262676,0.047982891585201484,-0.01575736087802453,0.03081648803259032,-0.004228658196806574,0.005102269961142928,-0.019014554233043764,-0.01404060964821954,0.02130546978298969,-0.007430358497424677,0.013090880842450544,-0.007663890781713596,-0.013254364635768625,-0.035958718895796264,-0.007490587766725654,0.04855243930802089,-0.07181701246031572,0.057222668835985396,-0.048723293065955575,0.06165385935019031,-0.010660417429581154,0.05525634120017355,0.06954735323090139,0.13429591306128089,-0.053982995846332524,-0.06607617624759954,0.583261072853245,0.07014834324370786,0.06769747594876502,0.1448773968359452,-0.06156671384674665,-0.07921597498458803,1.0,-0.013960235497209985,-0.034391199252807744,-0.08029235309625077,0.07256022444128057
Unemployment rate,-0.020337568196093926,0.08908007982496839,-0.09841916664377497,0.007153477096402804,0.06197432356687532,0.11195809085741577,0.04522226843669443,-0.0006505096011617523,-0.11435116877222168,-0.07790513515154744,-0.09205731154320008,-0.10121453453835438,0.03875568694873725,-0.13032679324361512,0.04613109651092126,0.02112805867487431,0.013460392079303515,0.022195416351860366,0.05515206059872592,0.025017758300938196,-0.010014693411469341,0.009778397068702363,0.03840366940905624,0.06154453761386936,0.05128646323966934,0.014820945247553532,-0.04514428362256673,0.01058028122429281,0.06443648009568793,0.045807889829965365,0.04880504130929674,0.0014618581950683344,-0.013960235497209985,1.0,-0.02888466260699195,-0.33517811902600453,-0.04412832692659393
Inflation rate,0.00876134522735466,-0.016374634645172404,-0.011133212005957547,0.017710128979741214,-0.024043307753966365,-0.06373591485749655,0.018710376010044896,-0.008921728230256122,0.05944069256210401,0.05763309393473611,0.024003365472274118,0.030549729958881038,-0.021623575582657394,-0.012384975352716807,0.004396470733173408,-0.021888172449337835,-0.0007063886206365048,0.0035564171725249788,-0.03110390938747098,0.025377036472410838,-0.009642165409182276,0.023348295336197467,0.03675802639560094,-0.006603820239527601,-0.007113815482842941,-0.033903567365070136,-0.052534250737915865,0.014489914727051098,0.016844152760087643,-0.012642500035323492,-0.024566251903387716,-0.0381660424851903,-0.034391199252807744,-0.02888466260699195,1.0,-0.11229464204696343,0.011533278063750468
GDP,-0.027003405407652507,-0.022742716589706592,0.03020082398158385,-0.02026461314998939,0.02292919944105356,0.06406935055153128,-0.05262040370010443,0.034478006009970405,-0.08365650750504817,-0.0716101473842474,0.12426817474836449,0.1317667488355332,-0.019519481896555755,0.06287471933763164,0.012016080371812747,0.07504989585797914,-0.002767939550669364,-0.008107639766675464,0.03565041879610048,-0.06467811172086703,0.04438948568896589,-0.02651317994844877,-0.026262072764580636,-0.09976129193677878,0.01845867087393067,0.05480076361937073,-0.14467320144350834,-0.02449111204240259,-0.007592443428285158,-0.004853562042810185,0.022427451430642557,0.07126949612959722,-0.08029235309625077,-0.33517811902600453,-0.11229464204696343,1.0,-0.01779587959408975
Target,0.037197828081662235,0.15262271935544508,-0.08002034349663559,-0.01792230443913385,-0.027192738110810792,0.03999914997536533,-0.09846186798465097,0.019229150839261435,-0.01883124672983015,-0.03049417051273525,0.05375511800037343,0.049201631511555065,-0.10605821722681393,-0.0688266012601806,0.012026023671957216,0.14056298506551254,-0.16701584162275815,0.1600298462197146,-0.24354715412226802,0.10049840591797504,0.00990956163377079,-0.05857173431913954,-0.13495064084371938,0.062492760155115436,-0.3539263140160644,-0.2483144696485228,0.0606727716983914,-0.06538594620341427,-0.15029896448840704,0.06904774710126292,-0.40949359485181774,-0.27114364821542947,0.07256022444128057,-0.04412832692659393,0.011533278063750468,-0.01779587959408975,1.0
