metric,method,mean_method,std_method,mean_baseline,std_baseline,diff_mean,t_statistic,df,p_value,ci_95_high,significant_alpha_05,significant_bonferroni,alternative_hypothesis
accuracy,variance_threshold,0.8754613935969869,0.009248030740347253,0.8754613935969869,0.009248030740347253,0.0,0.0,59,1.0,0.0,False,False,method < baseline
accuracy,chi2,0.847231638418079,0.0108555939992243,0.8754613935969869,0.009248030740347253,-0.02822975517890775,-24.937644431562777,59,2.495112455116028e-33,-0.026338054970135655,True,True,method < baseline
accuracy,mutual_info,0.8570056497175141,0.01286388085730846,0.8754613935969869,0.009248030740347253,-0.0184557438794727,-14.936031580379002,59,5.207841963680121e-22,-0.016390853695402913,True,True,method < baseline
accuracy,rfe,0.8669679849340867,0.010206380086570363,0.8754613935969869,0.009248030740347253,-0.008493408662900196,-11.205243704496356,59,1.5249407755608551e-16,-0.007226744910670693,True,True,method < baseline
accuracy,rfecv,0.8751224105461394,0.010010766519711414,0.8754613935969869,0.009248030740347253,-0.0003389830508474578,-0.9505648080689681,59,0.1728515706388384,0.0002569491880319416,False,False,method < baseline
accuracy,l1,0.8750470809792844,0.009881965674373707,0.8754613935969869,0.009248030740347253,-0.00041431261770245403,-1.116295772031139,59,0.13441064260212468,0.00020591272570768144,False,False,method < baseline
accuracy,rf_topk,0.8580602636534839,0.012186019867083687,0.8754613935969869,0.009248030740347253,-0.01740112994350284,-15.949205823616177,59,2.3091364709524422e-23,-0.015577910196958185,True,True,method < baseline
accuracy,rf_median,0.8700753295668551,0.010498248557770014,0.8754613935969869,0.009248030740347253,-0.005386064030131837,-8.911870384137325,59,8.012542442132696e-13,-0.004376106110721411,True,True,method < baseline
precision,variance_threshold,0.8782548578829698,0.010760531892501347,0.8782744217690552,0.010768673300431918,-1.9563886085647668e-05,-1.0000000000000002,59,0.1606971398847224,1.3129187632952479e-05,False,False,method < baseline
precision,chi2,0.8596253201180705,0.011387518954113442,0.8782744217690552,0.010768673300431918,-0.018649101650984688,-20.17200758199007,59,1.8503194711397802e-28,-0.017104169462292578,True,True,method < baseline
precision,mutual_info,0.8645738944270002,0.013117542044322344,0.8782744217690552,0.010768673300431918,-0.013700527342055043,-13.300661176010198,59,1.0424270548859464e-19,-0.011979195186120457,True,True,method < baseline
precision,rfe,0.8749867342865087,0.011301061377661436,0.8782744217690552,0.010768673300431918,-0.0032876874825463827,-5.292193361964751,59,9.313447820311242e-07,-0.0022495486111845904,True,True,method < baseline
precision,rfecv,0.8790890699840974,0.011076407767418268,0.8782744217690552,0.010768673300431918,0.0008146482150421278,2.4297343892114096,59,0.9909139478978094,0.0013749370111416112,False,False,method < baseline
precision,l1,0.8784680145072027,0.011273988181938626,0.8782744217690552,0.010768673300431918,0.00019359273814737084,0.6187156568100336,59,0.7307573782292207,0.0007164685894745243,False,False,method < baseline
precision,rf_topk,0.8579627704631917,0.011656142439020368,0.8782744217690552,0.010768673300431918,-0.020311651305863557,-25.665617014525363,59,5.2604914905600935e-34,-0.018989155963221187,True,True,method < baseline
precision,rf_median,0.8691057307362456,0.011268228019722435,0.8782744217690552,0.010768673300431918,-0.00916869103280976,-16.59619357908234,59,3.367197639939801e-24,-0.008245483212568787,True,True,method < baseline
recall,variance_threshold,0.948252911813644,0.00956422981467816,0.9482251802551305,0.00953667427416415,2.773155851358659e-05,1.0000000000000004,59,0.8393028601152777,7.407357271502255e-05,False,False,method < baseline
recall,chi2,0.9265668330560176,0.012151874999366045,0.9482251802551305,0.00953667427416415,-0.021658347199112638,-18.300191834772658,59,2.654475584867002e-26,-0.019680602188672222,True,True,method < baseline
recall,mutual_info,0.9364669994453687,0.0187210527656334,0.9482251802551305,0.00953667427416415,-0.01175818080976153,-5.2864094453109125,59,9.515178072030456e-07,-0.008041288612007334,True,True,method < baseline
recall,rfe,0.9383804769828065,0.01066057462032556,0.9482251802551305,0.00953667427416415,-0.009844703272323929,-11.264815409817183,59,1.2301747416534622e-16,-0.008384278538939157,True,True,method < baseline
recall,rfecv,0.9464780920687743,0.009353223334707743,0.9482251802551305,0.00953667427416415,-0.001747088186356042,-4.042297818796931,59,7.773154984380588e-05,-0.0010248388555139302,True,True,method < baseline
recall,l1,0.9472545757071548,0.009814127243576169,0.9482251802551305,0.00953667427416415,-0.0009706045479755731,-2.828329294224531,59,0.0031911971231941135,-0.0003971315438376158,True,False,method < baseline
recall,rf_topk,0.9482251802551304,0.01631453319461489,0.9482251802551305,0.00953667427416415,2.0354088784794535e-17,9.875245179568516e-15,59,0.500000000000004,0.003444327236904162,False,False,method < baseline
recall,rf_median,0.952301719356628,0.009445580491043144,0.9482251802551305,0.00953667427416415,0.004076539101497523,5.157450823061888,59,0.9999984685334369,0.005397400186037588,False,False,method < baseline
f1,variance_threshold,0.9118418385745464,0.0063111019476814615,0.9118396729804857,0.006308744459606882,2.1655940606675934e-06,0.9999999999999998,59,0.8393028601152775,5.784503205814786e-06,False,False,method < baseline
f1,chi2,0.8917518596543546,0.0075490981997815045,0.9118396729804857,0.006308744459606882,-0.020087813326131247,-24.657372912670606,59,4.589418074608641e-33,-0.018726410998381567,True,True,method < baseline
f1,mutual_info,0.8989051143716854,0.00934238105107151,0.9118396729804857,0.006308744459606882,-0.012934558608800266,-13.427669874065547,59,6.823653165306325e-20,-0.01132483399036495,True,True,method < baseline
f1,rfe,0.9054971999998855,0.007049727237574766,0.9118396729804857,0.006308744459606882,-0.0063424729806001836,-11.544916733988627,59,4.5067726063699275e-17,-0.0054244185113994856,True,True,method < baseline
f1,rfecv,0.911474597657108,0.0068527230856190455,0.9118396729804857,0.006308744459606882,-0.0003650753233777726,-1.4289549801280896,59,0.0791452292840988,6.186243013702695e-05,False,False,method < baseline
f1,l1,0.9114916352924077,0.006740167448141182,0.9118396729804857,0.006308744459606882,-0.00034803768807793457,-1.334040963655595,59,0.09365855468029986,8.793344871748385e-05,False,False,method < baseline
f1,rf_topk,0.9007087291357851,0.008710144484219699,0.9118396729804857,0.006308744459606882,-0.011130943844700616,-12.94697785864348,59,3.4296798690167943e-19,-0.009694250053863483,True,True,method < baseline
f1,rf_median,0.9087375164608005,0.007085390451439008,0.9118396729804857,0.006308744459606882,-0.0031021565196850454,-7.149468486768232,59,7.552573844161775e-10,-0.0023770687520928754,True,True,method < baseline
roc_auc,variance_threshold,0.9160830345355551,0.01107022685301417,0.916082546303891,0.011070164832541637,4.882316639753803e-07,0.8197449461747358,59,0.7921695673664978,1.4835174971226037e-06,False,False,method < baseline
roc_auc,chi2,0.8925307390655637,0.013090825937930553,0.916082546303891,0.011070164832541637,-0.023551807238327373,-30.97739473529369,59,1.6990366933218712e-38,-0.022281291712224018,True,True,method < baseline
roc_auc,mutual_info,0.8968549092670276,0.013397665835801731,0.916082546303891,0.011070164832541637,-0.019227637036863456,-23.255384351256136,59,1.0568736306314208e-31,-0.01784597119162062,True,True,method < baseline
roc_auc,rfe,0.910352903611352,0.012060370902510964,0.916082546303891,0.011070164832541637,-0.005729642692539066,-10.788521662260623,59,6.933921051803282e-16,-0.004842147048586238,True,True,method < baseline
roc_auc,rfecv,0.9154631756149766,0.011170872111015837,0.916082546303891,0.011070164832541637,-0.0006193706889144186,-4.212827002535508,59,4.376471745925546e-05,-0.0003736862490094952,True,True,method < baseline
roc_auc,l1,0.9159281186285766,0.011145759579980583,0.916082546303891,0.011070164832541637,-0.0001544276753142393,-1.230036887043482,59,0.11178271575454844,5.537335984163186e-05,False,False,method < baseline
roc_auc,rf_topk,0.8944373813597056,0.013771000990349041,0.916082546303891,0.011070164832541637,-0.021645164944185374,-25.943310993874977,59,2.9333010918486023e-34,-0.020250929477266467,True,True,method < baseline
roc_auc,rf_median,0.9069520283096248,0.012737086439084,0.916082546303891,0.011070164832541637,-0.009130517994266205,-16.226360808326667,59,1.0060754185340257e-23,-0.008190199633300895,True,True,method < baseline
