metric,method,mean_method,std_method,mean_baseline,std_baseline,diff_mean,t_statistic,df,p_value,ci_95_low,ci_95_high,significant_alpha_05,significant_bonferroni
accuracy,variance_threshold,0.8768738229755182,0.00810198989906219,0.8768738229755182,0.00810198989906219,0.0,0.0,29,1.0,0.0,0.0,False,False
accuracy,chi2,0.8495668549905837,0.00937302918068429,0.8768738229755182,0.00810198989906219,-0.027306967984934108,-15.350948484906592,29,1.8470617269111435e-15,-0.030945115843645774,-0.023668820126222442,True,True
accuracy,mutual_info,0.8650470809792845,0.010925765037872882,0.8768738229755182,0.00810198989906219,-0.011826741996233524,-8.91402664646015,29,8.374284392950122e-10,-0.014540263534803075,-0.009113220457663974,True,True
accuracy,rfe,0.868964218455744,0.00898818121938922,0.8768738229755182,0.00810198989906219,-0.00790960451977401,-6.698782293113151,29,2.389269064433489e-07,-0.010324514709946891,-0.005494694329601127,True,True
accuracy,rfecv,0.8770621468926556,0.00900245653424034,0.8768738229755182,0.00810198989906219,0.00018832391713747472,0.32403144821944313,29,0.7482397439450229,-0.001000343601921544,0.0013769914361964934,False,False
accuracy,l1,0.8774011299435032,0.0077479230982200695,0.8768738229755182,0.00810198989906219,0.0005273069679849345,1.1655507728994474,29,0.2532935012294537,-0.000397975625018801,0.0014525895609886698,False,False
accuracy,rf_topk,0.8604143126177024,0.010346462557188822,0.8768738229755182,0.00810198989906219,-0.016459510357815458,-12.773741378841578,29,1.9563353703297558e-13,-0.019094875947301606,-0.01382414476832931,True,True
accuracy,rf_median,0.8719397363465162,0.008854194233850653,0.8768738229755182,0.00810198989906219,-0.004934086629001892,-5.74301651720993,29,3.2306797687893535e-06,-0.006691236412612104,-0.0031769368453916807,True,True
precision,variance_threshold,0.8789763990580854,0.010471584309898928,0.8789763990580854,0.010471584309898928,0.0,0.0,29,1.0,0.0,0.0,False,False
precision,chi2,0.862192495300531,0.009817314476867164,0.8789763990580854,0.010471584309898928,-0.01678390375755451,-12.017923929287829,29,8.737979979402095e-13,-0.01964021551968822,-0.013927591995420804,True,True
precision,mutual_info,0.8678004649663997,0.01136614889023071,0.8789763990580854,0.010471584309898928,-0.011175934091685684,-8.163223177787666,29,5.3107693590748484e-09,-0.013975974123058637,-0.00837589406031273,True,True
precision,rfe,0.8763179296602785,0.010056436872126736,0.8789763990580854,0.010471584309898928,-0.002658469397806851,-3.1635681871648127,29,0.0036414216784751738,-0.004377155417332811,-0.0009397833782808906,True,False
precision,rfecv,0.8807578716129764,0.010657735790804212,0.8789763990580854,0.010471584309898928,0.0017814725548908246,3.758278206168901,29,0.0007679841944057864,0.0008120072103806553,0.002750937899400994,True,True
precision,l1,0.8797615833872935,0.010278111474028611,0.8789763990580854,0.010471584309898928,0.0007851843292078479,2.3053231625166637,29,0.028497998581954717,8.858686697575354e-05,0.0014817817914399424,True,False
precision,rf_topk,0.8590653320598918,0.010802829638051256,0.8789763990580854,0.010471584309898928,-0.019911066998193686,-15.794577350771775,29,8.805973358966377e-16,-0.022489338231846297,-0.017332795764541074,True,True
precision,rf_median,0.8702012509136059,0.009814753425999653,0.8789763990580854,0.010471584309898928,-0.008775148144479583,-10.20448548123225,29,4.1612307439184696e-11,-0.010533903461658809,-0.0070163928273003565,True,True
recall,variance_threshold,0.9496394897393234,0.008683672227393321,0.9496394897393234,0.008683672227393321,0.0,0.0,29,1.0,0.0,0.0,False,False
recall,chi2,0.9267886855241264,0.01232815428142317,0.9496394897393234,0.008683672227393321,-0.02285080421519694,-11.812900557076608,29,1.3259781041161098e-12,-0.026807084207708574,-0.018894524222685304,True,True
recall,mutual_info,0.9455906821963393,0.016373754670561697,0.9496394897393234,0.008683672227393321,-0.0040488075429839085,-1.5524646346642843,29,0.13139739196072722,-0.009382739806111987,0.0012851247201441703,False,False
recall,rfe,0.9398779811425402,0.011383901152572123,0.9496394897393234,0.008683672227393321,-0.009761508596783168,-6.919089600180899,29,1.3264530396710796e-07,-0.012646935421368903,-0.006876081772197434,True,True
recall,rfecv,0.9474209650582364,0.009003917805774265,0.9496394897393234,0.008683672227393321,-0.002218524681087049,-3.2925858371995305,29,0.0026164899272657087,-0.0035965882043819987,-0.0008404611577920993,True,False
recall,l1,0.9494176372712146,0.00859156839476476,0.9496394897393234,0.008683672227393321,-0.0002218524681086742,-0.4411698907259703,29,0.6623617732700858,-0.0012503434270213663,0.0008066384908040178,False,False
recall,rf_topk,0.9506378258458127,0.013653392817627476,0.9496394897393234,0.008683672227393321,0.000998336106489206,0.38644790047634237,29,0.7019859832182229,-0.004285239235196659,0.006281911448175071,False,False
recall,rf_median,0.9538546866333888,0.007972970668041215,0.9496394897393234,0.008683672227393321,0.004215196894065476,3.7480174788553273,29,0.0007893784382929443,0.0019150353596530615,0.006515358428477891,True,True
f1,variance_threshold,0.9128730033671456,0.005409710037990799,0.9128730033671456,0.005409710037990799,0.0,0.0,29,1.0,0.0,0.0,False,False
f1,chi2,0.8932409892907849,0.006703662612486562,0.9128730033671456,0.005409710037990799,-0.019632014076360893,-15.107473634883247,29,2.7936678886384295e-15,-0.02228976997215995,-0.016974258180561835,True,True
f1,mutual_info,0.9048884606212595,0.007932086428513258,0.9128730033671456,0.005409710037990799,-0.007984542745886055,-7.792789912349573,29,1.357210150996453e-08,-0.01008009821272632,-0.00588898727904579,True,True
f1,rfe,0.9069061772565574,0.0063182921693997335,0.9128730033671456,0.005409710037990799,-0.005966826110588027,-6.860062613271253,29,1.5522075010954066e-07,-0.007745750053237977,-0.004187902167938077,True,True
f1,rfecv,0.9128079981837337,0.00610957784438589,0.9128730033671456,0.005409710037990799,-6.500518341183333e-05,-0.15455528537624644,29,0.8782425664464333,-0.0009252185865478207,0.0007952082197241542,False,False
f1,l1,0.913194217771834,0.005161534779376073,0.9128730033671456,0.005409710037990799,0.0003212144046883932,0.985933054646591,29,0.33232094349138525,-0.00034511605137304706,0.0009875448607498335,False,False
f1,rf_topk,0.9024317668748503,0.00726672403846251,0.9128730033671456,0.005409710037990799,-0.010441236492295313,-10.448330699274154,29,2.4175979038172934e-11,-0.012485077464522924,-0.008397395520067703,True,True
f1,rf_median,0.910059139889194,0.005927009698387783,0.9128730033671456,0.005409710037990799,-0.002813863477951691,-4.587705920036102,29,7.966292220340446e-05,-0.004068302427250371,-0.0015594245286530111,True,True
roc_auc,variance_threshold,0.9170656495824642,0.010257415736019399,0.9170656495824642,0.010257415736019399,0.0,0.0,29,1.0,0.0,0.0,False,False
roc_auc,chi2,0.8941755915414842,0.012104476125894237,0.9170656495824642,0.010257415736019399,-0.022890058040980227,-21.8798024097574,29,1.419292515636875e-19,-0.025029722026002014,-0.02075039405595844,True,True
roc_auc,mutual_info,0.9007225828626779,0.013285013338139341,0.9170656495824642,0.010257415736019399,-0.016343066719786244,-13.769102345490904,29,2.992063974333091e-14,-0.01877062689473152,-0.013915506544840969,True,True
roc_auc,rfe,0.9112430964042715,0.011306419865455126,0.9170656495824642,0.010257415736019399,-0.005822553178192861,-9.093323435376403,29,5.446728738303358e-10,-0.0071321358008240646,-0.004512970555561657,True,True
roc_auc,rfecv,0.9165442181653424,0.010301611797609045,0.9170656495824642,0.010257415736019399,-0.0005214314171217057,-2.862468141406355,29,0.0077267960798693,-0.0008939934642621223,-0.0001488693699812892,True,False
roc_auc,l1,0.9168988696460514,0.010261584581812923,0.9170656495824642,0.010257415736019399,-0.0001667799364127272,-0.9415821184044157,29,0.3541846400910481,-0.000529046023456036,0.00019548615063058158,False,False
roc_auc,rf_topk,0.8962205010428629,0.012456304692506515,0.9170656495824642,0.010257415736019399,-0.02084514853960145,-20.761288265884836,29,5.950536393228198e-19,-0.022898639399217678,-0.018791657679985224,True,True
roc_auc,rf_median,0.9082036590033827,0.01124274762521026,0.9170656495824642,0.010257415736019399,-0.008861990579081795,-13.603559732369467,29,4.0601174434225755e-14,-0.01019434815145391,-0.007529633006709679,True,True
