run_id,strategy,accuracy,precision,recall,f1,f2,roc_auc,avg_precision,best_threshold
0,baseline,0.9356415103038126,0.9367129629629629,0.9985687493830816,0.9666523338588696,0.9855525679993765,0.7098574454906643,0.9673691525840895,
0,class_weight_balanced,0.6672813609331059,0.9634103019538188,0.66923304708321,0.7898185630660803,0.7127613721182049,0.7117866170106525,0.9678722952353435,
0,random_oversampling,0.6680189940528329,0.9636492722754704,0.6698746421873458,0.7903455905901534,0.7133697034677767,0.7120287218542758,0.9678647613552647,
0,smote,0.6626711539348117,0.9630822064820777,0.6643470535978679,0.786296328747919,0.7082872928176795,0.7091969586105711,0.9678388849823107,
0,threshold_tuning_f2,0.9340740399243926,0.9341171046565238,0.9999506465304511,0.9659134248665141,0.9860518990052366,0.7098574454906643,0.9673691525840895,0.05
0,rf_topk_balanced,0.6585680697063299,0.9590772746750464,0.6627677425723029,0.7838547746906374,0.7064176749079432,0.6780076208111804,0.9630231340519408,
1,baseline,0.9351343875340002,0.9364381278644507,0.9983219820353371,0.9663903685832358,0.9852994184064141,0.7026737699744267,0.9669153070699706,
1,class_weight_balanced,0.6634087870545388,0.9627275972866833,0.665432829927944,0.7869378702541804,0.7092358999715948,0.7037607205647998,0.9671579586244163,
1,random_oversampling,0.66562168641372,0.9626573725016004,0.6679498568749384,0.7886716587512019,0.7115143995710095,0.7037120578366023,0.9671514974508639,
1,smote,0.6548338020377115,0.9628958620189869,0.6557595498963578,0.7801884853644931,0.7004438727635033,0.699790201129376,0.9665775620097385,
1,threshold_tuning_f2,0.9339357337144438,0.9341079909623277,0.9998025861218044,0.9658394717394932,0.9859346863289045,0.7026737699744267,0.9669153070699706,0.1
1,rf_topk_balanced,0.6572772117468074,0.9572935976044489,0.662669035633205,0.7831894540363976,0.7061341691734859,0.6699438372022102,0.9619586423951118,
2,baseline,0.9353187958139321,0.9362883449775597,0.9987168097917284,0.9664955223880597,0.9855738790777413,0.7078489423264818,0.9675054641668992,
2,class_weight_balanced,0.6650223595039417,0.9628205128205128,0.6671602013621558,0.7881756165821235,0.7108152448258456,0.7084022606859242,0.9676742610132212,
2,random_oversampling,0.6653911760638053,0.9634354953670705,0.6671108478926069,0.7883471363583343,0.7108374176991523,0.7078641040991425,0.9676033325512402,
2,smote,0.660043335945784,0.963130659767141,0.6613858454249334,0.7842345505617978,0.7055980286851583,0.7044207584630149,0.9673364238261345,
2,threshold_tuning_f2,0.9341201419943755,0.9341201419943755,1.0,0.9659380735585059,0.9860909683761765,0.7078489423264818,0.9675054641668992,0.05
2,rf_topk_balanced,0.6607809690655111,0.9595441595441595,0.664889941762906,0.7854935572269839,0.7083964327780582,0.6824408333407588,0.9644240663466973,
3,baseline,0.9354571020238809,0.9367416875057887,0.9983219820353371,0.9665519877675841,0.985366614056624,0.7151215853287642,0.9680919278781023,
3,class_weight_balanced,0.6754875293900696,0.9647803163444639,0.6773270160892311,0.795894105025082,0.7202460298300672,0.7171745376989016,0.968520276880203,
3,random_oversampling,0.6769166935595409,0.9644659377628259,0.6791530944625407,0.7970460469157254,0.7218620168702001,0.7169361973956426,0.9683968161167196,
3,smote,0.6686644230325942,0.9644100305462812,0.6700227025959925,0.7907044468388712,0.7135873850197109,0.7128217274626121,0.9679754417110471,
3,threshold_tuning_f2,0.9341201419943755,0.9341601733597676,0.9999506465304511,0.9659364496674692,0.986061496831716,0.7151215853287642,0.9680919278781023,0.09000000000000001
3,rf_topk_balanced,0.6669125443732423,0.9601835510060007,0.6712565393347152,0.7901356493449908,0.714240702425089,0.6847021996451109,0.9636658325809411,
4,baseline,0.9362408372135909,0.9369936577010324,0.998914223669924,0.9669636672001529,0.985883934573157,0.7170742075176283,0.9685730574385429,
4,class_weight_balanced,0.6723525886312296,0.9636286741382957,0.6747112822031389,0.7936950274318558,0.7177508269018743,0.7171313663644465,0.968795541166027,
4,random_oversampling,0.672859711401042,0.963460996902281,0.6754022307768236,0.7941159403470086,0.718357619787511,0.7167798480907805,0.9687272013550743,
4,smote,0.663962011894334,0.9640838520426415,0.6650380021715526,0.7871141096410526,0.7090239410681399,0.7150031577240874,0.9684228676521953,
4,threshold_tuning_f2,0.9341201419943755,0.9341201419943755,1.0,0.9659380735585059,0.9860909683761765,0.7170742075176283,0.9685730574385429,0.060000000000000005
4,rf_topk_balanced,0.6642847263842147,0.9600879058556643,0.6683940381008785,0.788116852886406,0.7116358744771634,0.6854072738794292,0.9650180080481947,
5,baseline,0.9355032040938638,0.9371089586133383,0.9979271542789458,0.9665622983340902,0.9851400730816078,0.6949406787873815,0.9652888352513795,
5,class_weight_balanced,0.6679267899128671,0.9616771547762144,0.6712565393347152,0.7906408952187182,0.7144057736550724,0.6966449103863255,0.9657071640633564,
5,random_oversampling,0.6666820340233276,0.961211778029445,0.6702201164741881,0.7897644664146555,0.7134151466756325,0.6964028055427021,0.9657298182751908,
5,smote,0.6630860725646581,0.9615220179563916,0.665975718092982,0.7869139258222533,0.7095980311730927,0.6932838320451353,0.9653734473375502,
5,threshold_tuning_f2,0.9344428564842562,0.9351441241685144,0.9991116375481196,0.9660701503221188,0.9856274830567889,0.6949406787873815,0.9652888352513795,0.22000000000000003
5,rf_topk_balanced,0.6588446821262275,0.9583095781071835,0.6636561050241832,0.7842188137866682,0.7071413546487169,0.6694003619070236,0.9618650989879645,
6,baseline,0.9355954082338297,0.9367504746029541,0.9984700424439839,0.966626054134117,0.9854839495348044,0.7081363598027491,0.968070582150885,
6,class_weight_balanced,0.6653450739938224,0.9627731511139583,0.667555029118547,0.7884351957098307,0.711168596275382,0.708891063803157,0.968405358088218,
6,random_oversampling,0.6644230325941635,0.9627200798346283,0.6665679597275689,0.7877285585138958,0.7102664156420585,0.70849589067609,0.9683358367154627,
6,smote,0.6580609469365174,0.9625495138638819,0.6596091205211726,0.7827920461533956,0.703917499710322,0.7049347045654342,0.9679096323912497,
6,threshold_tuning_f2,0.9341201419943755,0.9341601733597676,0.9999506465304511,0.9659364496674692,0.986061496831716,0.7081363598027491,0.968070582150885,0.08000000000000002
6,rf_topk_balanced,0.6581070490065004,0.9580658964484382,0.6630145099200474,0.783689184459223,0.7065320290312401,0.6795952380014947,0.9647532366458551,
7,baseline,0.9362408372135909,0.9373986376905611,0.9984206889744349,0.9669478765862868,0.9855888686433659,0.6980689772931905,0.9650378894171894,
7,class_weight_balanced,0.6610114794154257,0.9615302109402931,0.6636561050241832,0.7852950623412269,0.7074910820451843,0.6989208340646558,0.9652283154204617,
7,random_oversampling,0.6613802959752892,0.9617501966111389,0.6639028723719278,0.7855411836841951,0.7077392539590677,0.6987794047729814,0.9651819719978754,
7,smote,0.6570928034668757,0.9622927180966114,0.6587207580692923,0.782081331302004,0.7030805537411239,0.697666793141408,0.9652007876681373,
7,threshold_tuning_f2,0.9341662440643584,0.9341632088520055,1.0,0.9659610983981693,0.986100566489517,0.6980689772931905,0.9650378894171894,0.1
7,rf_topk_balanced,0.6558941496473192,0.9564845199029819,0.6617313197117758,0.7822637106184364,0.7051942860749374,0.6672606524231656,0.9609378770664607,
8,baseline,0.9355954082338297,0.936588752603564,0.9986674563221795,0.9666324312704516,0.985601979484282,0.7051651013431535,0.9664259264977773,
8,class_weight_balanced,0.6635931953344705,0.9626061514308143,0.6657289507452374,0.7871043034281546,0.7094918000021039,0.7070527593079297,0.966882076160458,
8,random_oversampling,0.6623023373749481,0.962399027807563,0.6644457605369658,0.7861376310180724,0.7083030819575534,0.7068997255615537,0.9668710802602487,
8,smote,0.6609653773454428,0.9623871614844534,0.6629651564504985,0.7850964348334307,0.7069553501884092,0.7065458587672933,0.9666504094094679,
8,threshold_tuning_f2,0.9341201419943755,0.9341201419943755,1.0,0.9659380735585059,0.9860909683761765,0.7051651013431535,0.9664259264977773,0.05
8,rf_topk_balanced,0.6604582545756305,0.9581527531083481,0.6655808903365906,0.785508343769112,0.7088716714149049,0.6701212541182863,0.9613986980116764,
9,baseline,0.9358259185837444,0.9369673953316043,0.9984700424439839,0.9667415300807569,0.9855319563522993,0.7117830942297609,0.9675778893727071,
9,class_weight_balanced,0.6663132174634641,0.9644130651832834,0.6674069687099004,0.7888811107222028,0.7112127905753656,0.7132046744677614,0.9678295272131795,
9,random_oversampling,0.6675579733530036,0.9646137415450338,0.668640805448623,0.789809659836185,0.7123552732588098,0.7133913473179445,0.9678512137339732,
9,smote,0.6582914572864321,0.9634973308324917,0.6591649392952325,0.7827921697339116,0.7036139500579497,0.7110722177680917,0.967747708568564,
9,threshold_tuning_f2,0.9342123461343415,0.9342062796809443,1.0,0.9659841243355343,0.9861101647897057,0.7117830942297609,0.9675778893727071,0.1
9,rf_topk_balanced,0.6571850076068415,0.9596473623853211,0.6607936037903465,0.7826620681592331,0.7046842105263158,0.6836419807450322,0.9637665099735664,
10,baseline,0.935364897883915,0.9364932419922236,0.9985193959135327,0.9665122056083696,0.9854654561041187,0.7222634019191143,0.9692685200530895,
10,class_weight_balanced,0.6747498962703425,0.9653301388203791,0.6760931793505084,0.7952282820073724,0.7191906676886569,0.723493992173486,0.9696296460746576,
10,random_oversampling,0.6745654879904107,0.9652547748255691,0.6759451189418616,0.7951002873646629,0.7190482690550941,0.7229791826443775,0.9695895319212977,
10,smote,0.6661749112535152,0.9652018578063594,0.6666666666666666,0.7886271418980062,0.7106257167808255,0.721331557299171,0.9693211742701873,
10,threshold_tuning_f2,0.934535060624222,0.9348689069423929,0.9995558187740599,0.9661308018890425,0.9859120648025547,0.7222634019191143,0.9692685200530895,0.21000000000000002
10,rf_topk_balanced,0.6664976257433959,0.958603210363278,0.6719968413779489,0.7901119944292926,0.7147356485953051,0.6877805402826886,0.9651704782454597,
11,baseline,0.9359642247936932,0.9369356855118767,0.9986674563221795,0.966817171934351,0.9856787958497735,0.7070099678812178,0.9678600306146915,
11,class_weight_balanced,0.668802729242543,0.9621201413427561,0.671898134438851,0.791235615482971,0.715036030168701,0.708575256857352,0.9681188157663547,
11,random_oversampling,0.6685722188926283,0.9617150526241436,0.6719474879084,0.7911328045556233,0.715035975001313,0.7082864924354497,0.9680655496383926,
11,smote,0.6622101332349822,0.9612723771485628,0.6651860625801994,0.7862789137473384,0.7088535695126698,0.7041142419883847,0.9674448470640529,
11,threshold_tuning_f2,0.9341201419943755,0.9341201419943755,1.0,0.9659380735585059,0.9860909683761765,0.7070099678812178,0.9678600306146915,0.060000000000000005
11,rf_topk_balanced,0.6638237056843852,0.9581743676699166,0.6693317540223078,0.7881218038121803,0.7122749522068864,0.6790884756091286,0.9636677699516429,
12,baseline,0.9351804896039833,0.9364814814814815,0.9983219820353371,0.9664134537289188,0.9853090172239108,0.7094805770094063,0.9678814982319657,
12,class_weight_balanced,0.675210916970172,0.9632017943505993,0.6782153785411115,0.7959686060992209,0.7208728951371768,0.7096334035333769,0.9680720332550471,
12,random_oversampling,0.6757180397399843,0.9632950406276268,0.6787089132366005,0.7963402628988361,0.7213293609164534,0.7093884321131456,0.9680404994554642,
12,smote,0.6679267899128671,0.9631836560970419,0.6701214095350904,0.7903606042085043,0.7135424877818067,0.706083476506747,0.9676387712131067,
12,threshold_tuning_f2,0.9341201419943755,0.9342002121086365,0.9999012930609021,0.9659348256215882,0.9860320241397771,0.7094805770094063,0.9678814982319657,0.08000000000000002
12,rf_topk_balanced,0.6590751924761422,0.9581938608361228,0.6640015793110255,0.7844211876512258,0.7074425012356844,0.6743245706576251,0.9633289678479984,
13,baseline,0.9356876123737956,0.9367967773301847,0.9985193959135327,0.9666738335841755,0.9855326611135466,0.6977923008449356,0.965424010287911,
13,class_weight_balanced,0.660827071135494,0.9611893360017154,0.6637054584937321,0.7852158934983797,0.7074990267153485,0.699066476878573,0.9657592675755209,
13,random_oversampling,0.6621640311649993,0.9612038225645414,0.6651860625801994,0.78625597946564,0.7088461133901336,0.6992190616430706,0.9657946128403587,
13,smote,0.6553870268775068,0.9613247709069919,0.6575362748001184,0.7809267020310073,0.7018976471703878,0.6964079170287015,0.9656049894563998,
13,threshold_tuning_f2,0.9340740399243926,0.9341171046565238,0.9999506465304511,0.9659134248665141,0.9860518990052366,0.6977923008449356,0.965424010287911,0.05
13,rf_topk_balanced,0.6574616200267392,0.9582857142857143,0.662126147468167,0.7831416729904851,0.7057486743540106,0.6760273516997314,0.9624070414303239,
14,baseline,0.936102531003642,0.9370658516254515,0.9986674563221795,0.9668864678899083,0.9857076050739464,0.6950371753541552,0.9651300910584572,
14,class_weight_balanced,0.6716610575814854,0.9598908021839563,0.6767841279241931,0.7938520319555401,0.7192082572849141,0.6960451742080771,0.9654628964404122,
14,random_oversampling,0.6729519155410078,0.9598407598826652,0.6782647320106604,0.7948525159051475,0.7205398150284168,0.6959736824782197,0.9654438963295784,
14,smote,0.6638237056843852,0.9605823863636364,0.6675056756489981,0.7876652495486576,0.7108842822302581,0.6924718655867064,0.9649410779829878,
14,threshold_tuning_f2,0.9340740399243926,0.9341571375876061,0.9999012930609021,0.965911799761621,0.9860224264133313,0.6950371753541552,0.9651300910584572,0.1
14,rf_topk_balanced,0.6574616200267392,0.9567198177676538,0.6633106307373409,0.7834450597493442,0.7066543282577605,0.666675508155963,0.9611750051704762,
