method,accuracy_mean,accuracy_std,f1_mean,f1_std,roc_auc_mean,roc_auc_std,n_features_mean,time_mean,time_std,accuracy_norm,time_inv_norm,roc_auc_norm,features_inv_norm,score_acc_time,score_acc_roc_time,score_all,pareto_efficient
rf_median,0.9356102633452686,0.00039573068154031096,0.9666352358394508,0.0002041363048900291,0.6916917018194534,0.007308563135768084,23.0,0.10569232304890946,0.010597823768714428,0.9453125000000017,0.9765008925915503,0.8494793363717827,0.6388888888888888,0.9546690177774662,0.9228002294298457,0.8921578683187344,False
rf_topk,0.9356594388865838,0.00038699672380841,0.9666617268352587,0.0001994404479244315,0.6732122470268209,0.007400556752070844,10.0,0.03268295923868811,0.0010944236302677453,0.9765624999999907,1.0,0.6209334756887813,1.0,0.9835937499999934,0.8745612927066297,0.8769050427066306,True
rfecv,0.9355354755428519,0.0005434013668929531,0.9666002046150183,0.0002695679983989649,0.7000761062658292,0.007734785277995861,32.93333333333333,0.20452768802642818,0.041422208901679324,0.8977864583333356,0.9446893175256833,0.9531740044241817,0.36296296296296304,0.9118573160910398,0.9237832939990589,0.8703009444620216,False
l1,0.9356128245713787,0.0004072549869026182,0.9666351043262909,0.0002097220138451243,0.7038622998366835,0.00680386275235126,43.18888888888889,0.2928859949111938,0.01598391855656418,0.94694010416662,0.9162499333761233,1.0,0.07808641975308639,0.937733052929471,0.9567200387585346,0.8698346703171812,False
mutual_info,0.9356963205425701,0.0003980212374732038,0.9666815840012452,0.0002045221301919914,0.6230056405324753,0.009543152340050548,10.0,0.1089128388298882,0.008513884133266992,1.0,0.9754643235502893,0.0,1.0,0.9926392970650868,0.6950928647100578,0.6950928647100579,True
variance_threshold,0.9356271674375958,0.00039872560342859545,0.9666448542650727,0.0002056269360051801,0.6995740858128396,0.006956381656404186,43.13333333333333,2.9218886958228216,0.2624138872215657,0.9560546875000353,0.07006783259225469,0.9469652337761048,0.0796296296296296,0.6902586310277011,0.7761304804013001,0.6884879746142595,False
baseline,0.9356138490618229,0.00040579944882790115,0.9666356529706034,0.0002089533808731539,0.7038505649086156,0.006815277240915837,46.0,3.13958240614997,0.2701481545634895,0.9475911458333378,0.0,0.9998548675128455,0.0,0.6633138020833365,0.7737520331705225,0.6789929185871888,False
chi2,0.9341227032204859,2.879580198378045e-05,0.9659391542838915,1.4739348708331949e-05,0.6481942610813965,0.007822601017263746,10.0,0.040769924057854505,0.0028611121461035753,0.0,0.9973970947700911,0.31152190513033357,1.0,0.2992191284310273,0.2929359904931183,0.39293599049311834,False
rfe,0.9341524134433636,9.436731839220366e-05,0.965950042169725,4.8975007154277995e-05,0.6363106309829378,0.0069903028310051435,10.0,0.04099152088165279,0.0031731768826028586,0.01888020833326641,0.9973257706646333,0.16455033592724827,1.0,0.3124138770326765,0.2582703590777344,0.3563823382444077,False
